{
  "baseline": "graph_active_p2_gate",
  "candidate": "graph_active_p5_source_qa",
  "paired_n": 30,
  "baseline_accuracy": 0.5333333333333333,
  "candidate_accuracy": 0.7666666666666667,
  "delta": 0.2333333333333334,
  "delta_bootstrap_95ci": [
    0.03333333333333333,
    0.43333333333333335
  ],
  "paired_binomial_p_value": 0.09228515625,
  "fixed_count": 10,
  "broken_count": 3,
  "fixed_question_ids": [
    "031748ae_abs",
    "18dcd5a5",
    "60d45044",
    "73d42213",
    "88432d0a_abs",
    "982b5123_abs",
    "993da5e2",
    "a9f6b44c",
    "ceb54acb",
    "gpt4_f420262d"
  ],
  "broken_question_ids": [
    "0edc2aef",
    "1da05512",
    "gpt4_7abb270c"
  ],
  "unchanged_correct": 13,
  "unchanged_wrong": 4,
  "parallel": {
    "report_loading": {
      "stage": "compare-report-load",
      "total": 2,
      "workers": 2,
      "succeeded": 2,
      "failed": 0,
      "elapsed_seconds": 0.0032792091369628906
    },
    "paired_cases": {
      "stage": "compare-graph_active_p2_gate-vs-graph_active_p5_source_qa",
      "total": 30,
      "workers": 8,
      "succeeded": 30,
      "failed": 0,
      "elapsed_seconds": 0.002724170684814453
    }
  }
}